Abacus,
Abyss,
Accelerator,
Accountant,
Acoustic,
Acrobat,
Addiction,
Admiral,
Adrenaline,
Advocate,
Aeronaut,
Aftershock,
Agent,
Agility,
Airplane,
Algebra,
Alien,
Alloy,
Ambassador,
Ambition,
Amplitude,
Ancestor,
Anchor,
Android,
Anecdote,
Anguish,
Ankle,
Announcement,
Antidote,
Anxiety,
Apartment,
Aplomb,
Apocalypse,
Apparatus,
Apparel,
Appeal,
Applause,
Archipelago,
Architect,
Argument,
Armoire,
Arrow,
Artisan,
Ascent,
Aspirant,
Assignment,
Assumption,
Athlete,
Atmosphere,
Attic,
Attorney,
Auction,
Auditorium,
Authenticity,
Avalanche,
Avenue,
Aviator,
Award,
Bachelor,
Backyard,
Baggage,
Bailiff,
Bakery,
Balance,
Ballad,
Ballet,
Bamboo,
Bandit,
Banker,
Barbecue,
Bargain,
Baritone,
Barometer,
Barricade,
Baseline,
Bastion,
Battalion,
Beacon,
Bead,
Bedrock,
Beehive,
Beethoven,
Belief,
Belly,
Benchmark,
Beneficiary,
Bequest,
Berth,
Beverage,
Bible,
Bifocals,
Billionaire,
Biopsy,
Birthplace,
Blacksmith,
Blade,
Blame,
Blanket,
Blazer,
Blueprint,
Boardroom,
Boatman,
Bobbin,
Bodice,
Bodyguard,
Bog,
Bolt,
Bombardier,
Bonfire,
Bonnet,
Bonus,
Bookshelf,
Boomerang,
Bootstrap,
Border,
Boudoir,
Boulder,
Boulevard,
Bound,
Bowtie,
Bracelet,
Bravery,
Breakthrough,
Breeze,
Brigade,
Broadcast,
Brooch,
Broomstick,
Browser,
Bruise,
Bubble,
Buckle,
Budget,
Buffet,
Builder,
Bulb,
Bulldozer,
Bungalow,
Burden,
Burrow,
Bustle,
Butterfly,
Buzzard,
Cabana,
Cabin,
Cactus,
Caffeine,
Cage,
Cake,
Calculus,
Calendar,
Caliber,
Calligraphy,
Cambria,
Camel,
Campaign,
Canopy,
Canvas,
Canyon,
Capillary,
Capital,
Captain,
Caravan,
Carbohydrate,
Carbon,
Carriage,
Cascade,
Casket,
Castle,
Catalog,
Catalyst,
Catapult,
Category,
Cathedral,
Cauldron,
Cavalry,
Cavern,
Celestial,
Cement,
Cemetery,
Censorship,
Centerpiece,
Cereal,
Certificate,
Chain,
Challenger,
Chamber,
Champion,
Chancellor,
Chaos,
Chapter,
Charade,
Charger,
Charisma,
Charity,
Charm,
Checklist,
Cheesecake,
Chef,
Chemistry,
Cherub,
Chess,
Chestnut,
Chieftain,
Child,
Chimera,
Chin,
Chip,
Chocolate,
Choir,
Chorus,
Chrome,
Chuckle,
Churn,
Cigar,
Cinder,
Cipher,
Circuit,
Circular,
Citation,
Citizen,
Cityscape,
Civility,
Clarity,
Classic,
Classroom,
Climb,
Clinic,
Clip,
Clockwork,
Clone,
Cloth,
Clown,
Clubhouse,
Clue,
Clutch,
Coaster,
Cocoon,
Code,
Coffee,
Cog,
Coin,
Collision,
Colony,
Color,
Column,
Coma,
Comedian,
Comet,
Comfort,
Commander,
Commotion,
Compass,
Compendium,
Competence,
Compiler,
Compliment,
Compromise,
Comrade,
Conception,
Concern,
Concerto,
Concord,
Conductor,
Conduit,
Cone,
Confetti,
Confluence,
Confusion,
Conglomerate,
Conifer,
Conjunction,
Connection,
Conqueror,
Consensus,
Conspiracy,
Constable,
Constituent,
Consulate,
Contemplation,
Content,
Contestant,
Context,
Continuum,
Contraption,
Contrition,
Conversation,
Convergence,
Conveyor,
Cook,
Cookie,
Cooperative,
Coordinator,
Cop,
Copycat,
Cornerstone,
Corpse,
Corridor,
Corsage,
Cosmos,
Cost,
Costume,
Cot,
Cottage,
Council,
Counsel,
Counter,
Country,
Courtyard,
Covenant,
Covering,
Cowboy,
Cradle,
Craft,
Crater,
Crawler,
Creator,
Credo,
Creek,
Cremation,
Crest,
Crisp,
Critic,
Croissant,
Crossroad,
Crown,
Crust,
Cry,
Crystal,
Cub,
Cube,
Cuddle,
Cucumber,
Cue,
Cuisine,
Cultivation,
Culture,
Cupboard,
Curator,
Curiosity,
Currency,
Curricle,
Curtain,
Custodian,
Cut,
Cyclone,
Cylinder,
Daffodil,
Dagger,
Dairy,
Daisy,
Dance,
Dandelion,
Dandy,
Danger,
Dapple,
Daredevil,
Dark,
Dashboard,
Daughter,
Dawn,
Daydream,
Daylight,
Dazzle,
Deacon,
Deadline,
Deal,
Debut,
Decade,
Deck,
Declaration,
Decor,
Dedication,
Deep,
Deer,
Defendant,
Defense,
Defiance,
Deliberation,
Delicacy,
Delight,
Deliverance,
Delivery,
Demand,
Demigod,
Democracy,
Den,
Dentist,
Dependence,
Deployment,
Deposit,
Depot,
Deprivation,
Depth,
Descent,
Desperation,
Destination,
Destiny,
Destroyer,
Detention,
Detergent,
Detour,
Deviation,
Device,
Devotion,
Diamond,
Diction,
Dictionary,
Die,
Difference,
Dignity,
Dilemma,
Dinner,
Diploma,
Director,
Dirt,
Disability,
Disagreement,
Disaster,
Disc,
Discernment,
Discharge,
Discipline,
Disclosure,
Disco,
Discomfort,
Discord,
Discovery,
Discretion,
Discussion,
Disdain,
Disease,
Disguise,
Dish,
Disk,
Disparity,
Dispatch,
Display,
Dispute,
Disregard,
Disruption,
Distillation,
Distinction,
Distress,
District,
Divergence,
Diversion,
Diversity,
Dividend,
Divinity,
Dock,
Doctrine,
Document,
Dog,
Doll,
Domain,
Dome,
Donation,
Donkey,
Doorstep,
Dossier,
Dot,
Doublet,
Doubt,
Doughnut,
Dove,
Downfall,
Draft,
Dragon,
Drain,
Drama,
Drawback,
Drawer,
Dream,
Dressing,
Drill,
Drink,
Drip,
Driving,
Drought,
Drum,
Dub,
Duchess,
Duck,
Duet,
Dungeon,
Duration,
Dusk,
Dust,
Dwarf,
Dwell,
Dwindling,
Dynasty,
Eardrum,
Earmuff,
Easel,
Easterner,
Eating,
Echo,
Ecstasy,
Edge,
Edition,
Edifice,
Educator,
Effect,
Efficiency,
Effigy,
Effort,
Ego,
Eighteen,
Elation,
Election,
Element,
Elephant,
Elevator,
Elision,
Elitism,
Elk,
Eloquence,
Embargo,
Embassy,
Ember,
Embodiment,
Embroidery,
Emission,
Emperor,
Emporium,
Emptiness,
Enclave,
Encounter,
End,
Endorsement,
Endowment,
Endurance,
Enemy,
Energy,
Engagement,
Engine,
Enigma,
Enjoyment,
Enlightenment,
Ensemble,
Entanglement,
Enthusiasm,
Enticement,
Entity,
Entrance,
Entrepreneur,
Envy,
Epic,
Epiphany,
Episode,
Epoch,
Equator,
Equation,
Equilibrium,
Equipment,
Eraser,
Escapade,
Escape,
Escort,
Essence,
Establishment,
Estate,
Estuary,
Ethics,
Etiquette,
Eucalyptus,
Evaluation,
Event,
Everest,
Evolution,
Exam,
Example,
Excellence,
Exception,
Excerpt,
Exchange,
Excitement,
Exclamation,
Exclusivity,
Excursion,
Excuse,
Execution,
Executive,
Exemplar,
Exemption,
Exercise,
Exhibit,
Exile,
Existence,
Exit,
Exodus,
Exotic,
Expansion,
Expectation,
Expedition,
Expense,
Experience,
Expert,
Explanation,
Exposition,
Expression,
Extension,
Extremity,
Eyebrow,
Eyelet,
Fable,
Fabric,
Facade,
Face,
Facet,
Facility,
Fact,
Faction,
Factory,
Faculty,
Fad,
Failure,
Fair,
Apple,
Banana,
Table,
Chair,
Cat,
Book,
Flower,
Car,
Bicycle,
Phone,
Computer,
Sky,
Ocean,
River,
Mountain,
Tree,
Sun,
Moon,
Star,
Planet,
House,
Door,
Window,
Key,
Hat,
Shirt,
Shoe,
Sock,
Watch,
Clock,
Pen,
Pencil,
Paper,
Note,
Music,
Movie,
Song,
Art,
Science,
Math,
History,
Language,
Food,
Pizza,
Ice cream,
Candy,
Tea,
Juice,
Water,
Flowerpot,
Camera,
Mirror,
Bed,
Pillow,
Towel,
Soap,
Shampoo,
Toothbrush,
Toothpaste,
Medicine,
Doctor,
Nurse,
Patient,
Hospital,
School,
Teacher,
Student,
Library,
Park,
Playground,
Game,
Toy,
Ball,
Bat,
Glove,
Team,
Player,
Coach,
Competition,
Winner,
Loser,
Friend,
Family,
Parent,
Brother,
Sister,
Cousin,
Aunt,
Uncle,
Grandparent,
Grandchild,
Neighbor,
Stranger,
Visitor,
Guest,
Host,
Tourist,
Traveler,
Journey,
Adventure,
Treasure,
Map,
Ship,
Boat,
Train,
Bus,
Bike,
Motorcycle,
Helicopter,
Rocket,
Astronaut,
Monster,
Ghost,
Spirit,
Angel,
Demon,
God,
Goddess,
Deity,
Hero,
Villain,
Warrior,
Knight,
Princess,
Prince,
King,
Queen,
Empress,
President,
Leader,
Soldier,
Spy,
Detective,
Criminal,
Robber,
Thief,
Artist,
Painter,
Sculptor,
Musician,
Singer,
Dancer,
Actor,
Actress,
Writer,
Author,
Poet,
Scientist,
Inventor,
Engineer,
Programmer,
Surgeon,
Virus,
Bacteria,
Pill,
Injection,
Laboratory,
Experiment,
Invention,
Robot,
Laptop,
Smartphone,
Tablet,
Television,
Radio,
Newspaper,
Magazine,
Journal,
Novel,
Story,
Poem,
Essay,
Article,
Blog,
Vlog,
Podcast,
Website,
Social media,
Network,
Rival,
Ally,
Partner,
Colleague,
Teammate,
Boss,
Employee,
Customer,
Client,
Consumer,
Producer,
Business,
Company,
Corporation,
Market,
Economy,
Money,
Cash,
Bank,
Account,
Credit,
Debt,
Investment,
Profit,
Loss,
Risk,
Reward,
Chance,
Luck,
Fortune,
Fate,
Time,
Schedule,
Past,
Present,
Future,
Legend,
Myth,
Fairy tale,
Folklore,
Tradition,
Custom,
Ritual,
Ceremony,
Celebration,
Holiday,
Festival,
Party,
Occasion,
Wedding,
Marriage,
Divorce,
Separation,
Union,
Partnership,
Friendship,
Relationship,
Bond,
Tie,
Link,
Bridge,
Road,
Path,
Trail,
Exploration,
Arrival,
Departure,
Return,
Home,
Shelter,
Roof,
Wall,
Floor,
Ceiling,
Bedroom,
Living room,
Kitchen,
Bathroom,
Toilet,
Sink,
Tub,
Shower,
Closet,
Furniture,
Sofa,
Desk,
Lamp,
Shelf,
Cabinet,
Stove,
Oven,
Fridge,
Freezer,
Microwave,
Dishwasher,
Washing machine,
Dryer,
Vacuum cleaner,
Broom,
Mop,
Bucket,
Brush,
Pan,
Pot,
Plate,
Bowl,
Cup,
Glass,
Fork,
Knife,
Spoon,
Chopsticks,
Napkin,
Snack,
Meal,
Breakfast,
Lunch,
Dessert,
Salad,
Soup,
Sandwich,
Pasta,
Rice,
Bread,
Cheese,
Meat,
Chicken,
Beef,
Pork,
Fish,
Seafood,
Vegetables,
Fruit,
Berry,
Nut,
Seed,
Grain,
Herb,
Spice,
Salt,
Pepper,
Sugar,
Honey,
Syrup,
Sauce,
Oil,
Vinegar,
Milk,
Soda,
Alcohol,
Wine,
Beer,
Cocktail,
Whiskey,
Vodka,
Rum,
Gin,
Brandy,
Champagne,
Liqueur,
Treatment,
Therapy,
Abundance,
Acceleration,
Access,
Alchemy,
Amusement,
Analysis,
Answer,
Appreciation,
Architecture,
Artistry,
Aspiration,
Attention,
Attraction,
Automobile,
Awe,
Background,
Beach,
Beauty,
Beginning,
Bliss,
Boundary,
Brevity,
Brilliance,
Building,
Bullet,
Bubbles,
Bonsai,
Brochure,
Bureaucracy,
Cacophony,
Capture,
Caramel,
Caution,
Celebrity,
Certification,
Challenge,
Change,
Character,
Cheer,
Chief,
Choice,
Choreography,
Chronicle,
Cinnamon,
Circumference,
Closure,
Coalition,
Cognition,
Collaboration,
Command,
Commemoration,
Commentary,
Commerce,
Commitment,
Commonality,
Communication,
Complacency,
Complement,
Complexity,
Composure,
Concentration,
Concept,
Concession,
Conclusion,
Concrete,
Concourse,
Concreteness,
Confidence,
Configuration,
Confirmation,
Confrontation,
Connoisseur,
Connotation,
Conscience,
Consciousness,
Consequence,
Consistency,
Constellation,
Constitution,
Construction,
Consultation,
Contact,
Contradiction,
Contribution,
Control,
Conviction,
Cooperation,
Coordination,
Coping,
Coterie,
Courage,
Courtesy,
Craftsmanship,
Craving,
Creation,
Credibility,
Creme,
Criteria,
Critique,
Crowd,
Crucible,
Crux,
Curriculum,
Curve,
Cusp,
Custody,
Daring,
Dealing,
Deference,
Definition,
Delegation,
Denouement,
Denunciation,
Department,
Derivation,
Description,
Design,
Destruction,
Detail,
Detection,
Determination,
Development,
Diagnosis,
Dialogue,
Dexterity,
Diagram,
Diet,
Dimension,
Direction,
Discrimination,
Dissonance,
Division,
Dominance,
Dormancy,
Drape,
Drift,
Drive,
Dynamics,
Eagle,
Ear,
Ecology,
Efficacy,
Elegance,
Ellipse,
Embarkment,
Emergence,
Emotion,
Empathy,
Empire,
Employment,
Encouragement,
Inquiry,
Enterprise,
Envelope,
Environment,
Erudition,
Esteem,
Estimation,
Ethic,
Euphoria,
Evening,
Excess,
Exertion,
Exhaustion,
Exhibition,
Expertise,
Extent,
Extravagance,
Factor,
Fairness,
Faith,
Falcon,
Fallacy,
Fame,
Familiarity,
Fantasy,
Fascination,
Fashion,
Fast,
Feather,
Feature,
Feedback,
Feeling,
Fellowship,
Ferocity,
Fiction,
Fidelity,
Field,
Fight,
Figure,
Filigree,
Finance,
Finesse,
Finish,
Fire,
Firmament,
Fixture,
Flag,
Flame,
Flare,
Flash,
Flock,
Flood,
Flow,
Fluctuation,
Fluidity,
Flute,
Focus,
Fold,
Foliage,
Font,
Footprint,
Force,
Forefront,
Forest,
Form,
Formation,
Formula,
Fossil,
Foundation,
Fountain,
Fragment,
Framework,
Freedom,
Frequency,
Freshness,
Fringe,
Frontier,
Frost,
Function,
Fund,
Furnace,
Fury,
Fusion,
Gallery,
Galaxy,
Gamma,
Garden,
Gate,
Gathering,
Gateway,
Gear,
Gem,
Gender,
General,
Generation,
Genesis,
Genius,
Gentleman,
Gesture,
Giant,
Gift,
Giggle,
Gilding,
Gist,
Giving,
Glamour,
Gleam,
Glee,
Glory,
Glossary,
Glow,
Goal,
Gold,
Goodness,
Governance,
Grace,
Graduation,
Gradient,
Graduate,
Granule,
Graphic,
Grasp,
Grass,
Gratitude,
Gravity,
Greatness,
Green,
Greeting,
Grid,
Grip,
Grin,
Grit,
Groove,
Ground,
Group,
Growth,
Guard,
Guidance,
Guild,
Guilt,
Gumption,
Gusto,
Habitat,
Harmony,
Harvest,
Haven,
Hazard,
Head,
Headquarters,
Health,
Heart,
Heat,
Heavens,
Hedge,
Helix,
Heritage,
Hesitation,
Hidden,
Hierarchy,
High,
Highlight,
Hike,
Hint,
Hip,
Historian,
Hive,
Hold,
Hole,
Holiness,
Honor,
Hope,
Horizon,
Horn,
Alligator,
Ant,
Armadillo,
Baboon,
Badger,
Barracuda,
Bear,
Beaver,
Bison,
Boa,
Budgerigar,
Capybara,
Cheetah,
Chimpanzee,
Cobra,
Cockatoo,
Cougar,
Coyote,
Dingo,
Dinosaur,
Dolphin,
Dragonfly,
Ferret,
Flamingo,
Fox,
Gecko,
Gazelle,
Gibbon,
Giraffe,
Gnu,
Gorilla,
Grasshopper,
Grizzly,
Hamster,
Hawk,
Hedgehog,
Hippopotamus,
Hornet,
Horse,
Hummingbird,
Hyena,
Iguana,
Impala,
Insect,
Jackal,
Jellyfish,
Kangaroo,
Koala,
Komodo Dragon,
Lemur,
Liger,
Lizard,
Llama,
Lobster,
Lynx,
Macaw,
Manatee,
Mantis,
Meerkat,
Millipede,
Mongoose,
Monkey,
Moth,
Narwhal,
Newt,
Ocelot,
Octopus,
Ostrich,
Otter,
Owl,
Panther,
Penguin,
Platypus,
Porcupine,
Python,
Raccoon,
Rattlesnake,
Rhinoceros,
Salamander,
Scorpion,
Seahorse,
Sloth,
Snail,
Snow Leopard,
Spider,
Stingray,
Tapir,
Tarantula,
Tarsier,
Tasmanian Devil,
Termite,
Tiger,
Toucan,
Tuatara,
Turkey,
Turtle,
Uakari,
Umbrellabird,
Unicorn,
Urutu,
Vampire Bat,
Vervet Monkey,
Vulture,
Wallaby,
Warthog,
Weasel,
Whale,
Wolverine,
Wombat,
X-Ray Tetra,
Xantus's Hummingbird,
Xenops,
Yak,
Yellow Tang,
Yeti Crab,
Ynambu,
Yoruba Sengi,
Yorkshire Terrier,
Yoshi,
Yowie,
Yulan Magnolia,
Yunnan Hackberry,
Zander,
Zebra,
Zebu,
Zorse,
Abalone,
Abyssinian Cat,
Acorn Worm,
African Elephant,
Agama Lizard,
Akita,
Albatross,
Aldabra Giant Tortoise,
Alpaca,
Amazon River Dolphin,
American Bison,
Amur Leopard,
Anemonefish,
Angelfish,
Anteater,
Antelope,
Arctic Fox,
Arowana,
Axolotl,
Bactrian Camel,
Banded Palm Civet,
Bandicoot,
Barbet,
Barn Owl,
Barnacle,
Barramundi Fish,
Basenji Dog,
Basking Shark,
Bichir,
Binturong,
Bird of Paradise,
Birman Cat,
Black Marlin,
Black Rhinoceros,
Blobfish,
Blowfish,
Blue Jay,
Blue Lacy Dog,
Blue Mussel,
Blue Whale,
Bluetick Coonhound,
Bobcat,
Bolognese Dog,
Bombay Cat,
Bongo,
Bonito Fish,
Bonobo,
Boto,
Bottlenose Dolphin,
Bull Shark,
Bullmastiff,
Burmese Cat,
Caiman Lizard,
Cairn Terrier,
Candytuft Butterfly,
Capuchin Monkey,
Caracal,
Carpenter Ant,
Aloe Vera,
Azalea,
Begonia,
Carnation,
Cherry Blossom,
Chrysanthemum,
Clover,
Dahlia,
Fern,
Ficus,
Geranium,
Hibiscus,
Hyacinth,
Iris,
Ivy,
Jasmine,
Lavender,
Lilac,
Marigold,
Orchid,
Pansy,
Peony,
Petunia,
Poinsettia,
Rose,
Sage,
Sunflower,
Sweet Potato Vine,
Thyme,
Tulip,
Venus Flytrap,
Viola,
Violet,
Wisteria,
Yarrow,
Yucca,
Zinnia,
ZZ Plant,
Spider Plant,
Snake Plant,
Pothos,
Peace Lily ,
Rubber Plant,
Fiddle Leaf Fig,
Hydrangea,
Gerbera Daisy,
Camellia,
Lily of the Valley,
Ranunculus,
Snapdragon,
Hellebore,
Freesia,
Anemone,
Calla Lily,
Bleeding Heart,
Forget-Me-Not,
Sweet Pea,
Fuchsia,
Foxglove,
Aster,
Verbena,
Columbine,
Primrose,
Gladiolus,
Lisianthus,
Butterfly Bush,
Coneflower (Echinacea),
Iceland Poppy,
Coreopsis,
Black-Eyed Susan,
Honeysuckle,
Tokyo,
Paris,
London,
Beijing, Japan
Rio de Janeiro, France
Cairo, UK
Sydney, China
Moscow, Brazil
Cape Town, Egypt
Mumbai, Australia
Buenos Aires, Russia
Istanbul, South Africa
Toronto, India
Mexico City, Argentina
Seoul, Turkey
Rome, Canada
Dubai, Mexico
Bangkok, South Korea
Nairobi, Italy
Amsterdam, UAE
Berlin, Thailand
Lima, Kenya
Jakarta, Netherlands
Vancouver, Germany
Barcelona, Peru
Chicago, Indonesia
Delhi, Canada
Prague, Spain
Auckland, USA
Kuala Lumpur, India
Oslo, Czech Republic
Stockholm, New Zealand
Riyadh, Malaysia
Budapest, Norway
Warsaw, Sweden
Athens, Saudi Arabia
Johannesburg, Hungary
Manila, Poland
Helsinki, Greece
Dublin, South Africa
Casablanca, Philippines
Bogota, Finland
Taipei, Ireland
Caracas, Morocco
Santiago, Colombia
Dhaka, Taiwan
Zurich, Venezuela
New York City, Chile
Los Angeles, Bangladesh
Houston, Switzerland
Phoenix, New York
Philadelphia, California
San Antonio, Illinois
San Diego, Texas
Dallas, Arizona
San Jose, Pennsylvania
Austin, Texas
Jacksonville, California
San Francisco, Texas
Columbus, California
Indianapolis, Texas
Fort Worth, Florida
Charlotte, California
Seattle, Ohio
Denver, Indiana
Washington, Texas
Boston, North Carolina
El Paso, Washington
Nashville, Colorado
Detroit, D.C.
Oklahoma City, Massachusetts
Portland, Texas
Las Vegas, Tennessee
Memphis, Michigan
Louisville, Oklahoma
Baltimore, Oregon
Milwaukee, Nevada
Albuquerque, Tennessee
Tucson, Kentucky
Fresno, Maryland
Sacramento, Wisconsin
Kansas City, New Mexico
Atlanta, Arizona
Long Beach, California
Mesa, California
Virginia Beach, Missouri
Colorado Springs, Georgia
Raleigh, California
Omaha, Arizona
Miami, Virginia
Oakland, Colorado
Minneapolis, North Carolina
Tulsa, Nebraska
Wichita, Florida
Arlington, California
New Orleans, Minnesota
Accessory, Oklahoma
Ache, Kansas
Agenda, Texas
Aristocrat, Louisiana
Avocado,
Banjo,
Basil,
Biscuit,
Bricks,
Buffalo,
Bumblebee,
Bunker,
Camouflage,
Campfire,
Caper,
Century,
Chalice,
Chandelier,
Chant,
Chardonnay,
Chauffeur,
Citrus,
Clementine,
Collage,
Concoction,
Confection,
Conquest,
Contrast,
Conundrum,
Cornucopia,
Crayon,
Cuddles,
Cupcake,
Curio,
Decadence,
Delta,
Denim,
Dent,
Dimple,
Eclipse,
Eden,
Effervescence,
Embrace,
Encore,
Endeavor,
Enchantment,
Endive,
Expanse,
Explorer,
Extravaganza,
FaÃ§ade,
Fiefdom,
Fiesta,
Figment,
Finale,
Fjord,
Flannel,
Fleet,
Flotilla,
Flourish,
Fluff,
Foil,
Fortress,
Foyer,
Fractal,
Fresco,
Fritter,
Frolic,
Fugue,
Galore,
Gamut,
Gazebo,
Generosity,
Geyser,
Gilded,
Glacier,
Glimmer,
Glyph,
Goblet,
Gravel,
Grotto,
Guise,
Halo,
Harbor,
Harmonica,
Hearth,
Heirloom,
Herald,
Hermit,
Hideaway,
Highwire,
Hilarity,
Hinge,
Hub,
Huddle,
Hunt,
Hurricane,
Hybrid,
Hydra,
Hyperbole,
Icon,
Idea,
Ignition,
Illusion,
Impact,
Infinity,
Iridescence,
Island,
Ivory,
Jabberwocky,
Jacuzzi,
Jazz,
Jet,
Jubilation,
Juggernaut,
Jukebox,
Juxtaposition,
Kaboom,
Kaleidoscope,
Karma,
Kettle,
Keystone,
Kindle,
Kingdom,
Kismet,
Knapsack,
Knockout,
Labyrinth,
Lagoon,
Lantern,
Lapel,
Lattice,
Legacy,
Lighthouse,
Limelight,
Lingerie,
Livelihood,
Lollipop,
Lotus,
Luminary,
Luster,
Lyric,
Maelstrom,
Magma,
Mannerism,
Marble,
Masquerade,
Matrix,
Matriarch,
Meadow,
Meditation,
Memento,
Memoir,
Mesmerize,
Metropolis,
Mirage,
Mirth,
Mischief,
Mistletoe,
Monolith,
Monsoon,
Moonlight,
Mooring,
Mosaic,
Moxie,
Mulberry,
Murmur,
Muse,
Mustang,
Muster,
Mystery,
Nexus,
Niche,
Noodle,
Nucleus,
Nurturing,
Oasis,
Oath,
Oboe,
Odyssey,
Onyx,
Opulence,
Oracle,
Orbit,
Orchard,
Ordeal,
Origin,
Outpost,
Ovation,
Overdrive,
Overture,
Pachyderm,
Palazzo,
Panache,
Paradigm,
Paragon,
Parallax,
Parchment,
Parfait,
Pastiche,
Pavilion,
Pearl,
Pecan,
Pendulum,
Perch,
Perennial,
Periphery,
Perpetual,
Persimmon,
Perspective,
Pesto,
Petal,
Phantom,
Philosopher,
Pinnacle,
Pirouette,
Pixel,
Placid,
Plaza,
Plethora,
Ponder,
Portal,
Potency,
Pothole,
Prairie,
Praxis,
Precinct,
Prelude,
Prowess,
Prudence,
Puddle,
Pueblo,
Puffin,
Pulley,
Puma,
Purity,
Quasar,
Quest,
Quicksilver,
Quill,
Quiver,
Radiance,
Radiant,
Ragtime,
Raindrop,
Rapture,
Rebirth,
Recoil,
Refuge,
Regalia,
Rejoice,
Relic,
Rendezvous,
Renegade,
Requiem,
Resonance,
Revelation,
Rhapsody,
Ridge,
Rivulet,
Rooster,
Rosebud,
Ruby,
Rumination,
Rumba,
Sanctuary,
Sangria,
Satchel,
Savanna,
Sequoia,
Serenade,
Serenity,
Shibori,
Silhouette,
Sip,
Skylight,
Skyline,
Slinky,
Snicker,
Sonata,
Sonnet,
Sorbet,
Soul,
Sparkle,
Spectrum,
Spherule,
Spigot,
Splendor,
Spur,
Staccato,
Stardust,
Stellar,
Steppes,
Stiletto,
Stipend,
Sublime,
Summit,
Sundial,
Synchrony,
Synergy,
Tabernacle,
Talisman,
Tango,
Tapestry,
Tarragon,
Tectonic,
Tequila,
Terra,
Theorem,
Thistle,
Thrive,
Thunder,
Tidal,
Timber,
Topaz,
Torque,
Torrent,
Tourniquet,
Tranquility,
Tread,
Trellis,
Trilogy,
Trove,
Truffle,
Tsunami,
Turquoise,
Tusk,
Twilight,
Ukelele,
Utopia,
Vanguard,
Vanilla,
Vase,
Velocity,
Venture,
Verdant,
Verve,
Vesper,
Vestige,
Vibration,
Vigor,
Village,
Vintner,
Vista,
Volcano,
Voyager,
Vortex,
Voyage,
Waffle,
Wavelength,
Whimsy,
Whisper,
Willow,
Windmill,
Winery,
Wisps,
Wonder,
Xanadu,
Xenon,
Xerophyte,
Gondola,
Hologram,
Inference,
Jigsaw,
Kiosk,
Melody,
Quotient,
Radiator,
Sentinel,
Vertex,
Wanderlust,
Yearning,
Zeppelin,
Apex,
Inception,
Nebula,
Platitude,
Uprising,
Velvet,
Zenith,
Alcove,
Driftwood,
Ephemera,
Galley,
Inglenook,
Jamb,
Kelp,
Loom,
Nook,
Ombudsman,
Parable,
Rafter,
Turret,
Vellum,
Wharf,
Ankh,
Denizen,
Eidolon,
Folly,
Isthmus,
Jiffy,
Largesse,
Manifold,
Quandary,
Reticule,
Scepter,
Tesseract,
Umbrage,
Vicissitude,
Wainscot,
Xyst,
Yurt,
Zephyr,
Bellwether,
Chrysalis,
Bivouac,
Diorama,
Flume,
Gossamer,
Holograph,
Ineffable,
Juxtapose,
Kiln,
Nefarious,
Oculus,
Palindrome,
Quell,
Sibilance,
Trepidation,
Ubiquity,
Veranda,
Whetstone,
Xenophobe,
Yarn,
Ziggurat,
Asylum,
Brocade,
Diatribe,
Echelon,
Gourmand,
Harbinger,
Innuendo,
Jamboree,
Kowtow,
Languor,
Mellifluous,
Nostalgia,
Obfuscate,
Quotidian,
Sardonic,
Tantamount,
Unison,
Vehemence,
Wunderkind,
Xerox,
Yonder,
Bucolic,
Chicanery,
Dystopia,
Ephemeral,
Furtive,
Garrulous,
Halcyon,
Jocund,
Lethargy,
Nebulous,
Opulent,
Penumbra,
Quixotic,
Recumbent,
Serendipity,
Ubiquitous,
Vehement,
Wraith,
Amalgam,
Bourgeois,
Dalliance,
Fiasco,
Grandiloquence,
Harangue,
Inscrutable,
Luminescence,
Osmosis,
Precarious,
Quagmire,
Recalcitrant,
Surreptitious,
Tumultuous,
Visceral,
Cow,
Sheep,
Goat,
Rabbit,
Goose,
Guinea Pig,
Emu,
Bee,
Guitar,
Igloo,
Jacket,
Kite,
Lemon,
Notebook,
Orange,
Quilt,
Umbrella,
Violin,
Xylophone,
Yacht,
Candle,
Egg,
Globe,
Mouse,
Nail,
Rainbow,
Shoes,
Telescope,
Watermelon,
Yo-yo,
Zipper,
Grapes,
Hammer,
Ink,
Kiwi,
Magnet,
Necklace,
Oak,
Peacock,
Roller skate,
Tornado,
Umpire,
Wallet,
Apricot,
Backpack,
Fireplace,
Hamburger,
Iceberg,
Javelin,
Microphone,
Nose,
Popcorn,
Saxophone,
Toadstool,
Udder,
Yoga,
Carousel,
Faucet,
Jester,
Monarch,
Opera,
Parasol,
Quinoa,
Roulette,
Sequin,
Tiramisu,
Updraft,
Yodel,
Zamboni,
Basilisk,
Diadem,
Fandango,
Gargoyle,
Harpsichord,
Indigo,
Khaki,
Mimosa,
Nectar,
Pajamas,
Saffron,
Tangerine,
Umami,
Yarmulke,
Zen,
Argyle,
Bouquet,
Cello,
Icicle,
Jalapeño,
Lullaby,
Nimbus,
Pegasus,
Quiche,
Trampoline,
Ultraviolet,
Xylograph,
Ambrosia,
Drizzle,
Iridescent,
Nectarine,
Obelisk,
Ricochet,
Sarsaparilla,
Unicycle,
Vermilion,
Aperture,
Blizzard,
Chiffon,
Diaphanous,
Incandescent,
Limerick,
Panacea,
Resplendent,
Unabashed,
Verisimilitude,
Whimsical,
Yesteryear,
Zeitgeist,
Aberration,
Belligerent,
Capitulate,
Disparate,
Ebullient,
Facetious,
Lugubrious,
Nadir,
Ostracize,
Sycophant,
Writhe,
Yoke,
Anathema,
Bellicose,
Enervate,
Fatuous,
Grandiloquent,
Hapless,
Kafkaesque,
Lament,
Repudiate,
Salubrious,
Tenacious,
Vex,
Wane,
Yearn,
Alacrity,
Bombastic,
Dearth,
Laconic,
Ameliorate,
Blackberry,
Blueberry,
Boysenberry,
Cactus fruit ,
Cantaloupe,
Coconut,
Cranberry,
Date,
Dragon fruit,
Elderberry,
Grape,
Grapefruit,
Guava,
Honeydew melon,
Kumquat,
Lime,
Lychee,
Mango,
Mandarin orange,
Papaya,
Passion fruit,
Peach,
Pineapple,
Plum,
Pomegranate,
Raspberry,
Red currant,
Star fruit,
Strawberry,
Ackee,
Açaí berry,
Asian pear,
Barbados cherry,
Breadfruit,
Buddha's hand,
Cactus pear,
Cherimoya,
Cloudberry,
Damson plum,
Feijoa,
Gooseberry,
Horned melon (Kiwano),
Jackfruit,
Jujube,
Longan,
Mamey sapote,
Mangosteen,
Miracle fruit,
Nashi pear,
Olive,
Pawpaw,
Plantain,
Quince,
Rambutan,
Salak,
Sapodilla,
Soursop,
Tayberry,
Ugni,
Voavanga,
Xigua,
Yangmei,
Zapote,
Zwetschge,
Adapter,
Aeroplane,
Ambulance,
Amphitheater,
Apron,
Aquarium,
Artichoke,
Asparagus,
Auctioneer,
Balcony,
Bandana,
Barstool,
Baseball,
Basket,
Bathtub,
Battery,
Belfry,
Beluga,
Billboard,
Binoculars,
Biochemist,
Biologist,
Blimp,
Boxer,
Broccoli,
Bubblegum,
Burrito,
Cabbage,
Calculator,
Candlestick,
Cappuccino,
Cashmere,
Cassette,
Cauliflower,
Cedar,
Cellar,
Centipede,
Chainsaw,
Chemist,
Chessboard,
Chisel,
Cider,
Clarinet,
Cleaver,
Clifftop,
Cobbler,
Coffeepot,
Collar,
Conga,
Cookbook,
Corduroy,
Corkscrew,
Cornfield,
Cotillion,
Cracker,
Crib,
Cricket,
Cymbal,
Dalmatian,
Dartboard,
Decanter,
Decoder,
Diesel,
Discuss,
Dispenser,
Diver,
Doormat,
Drumstick,
Dumbbell,
Dustpan,
Eclair,
Edelweiss,
Eggplant,
Ejector,
Elastic,
Elixir,
Ellipsis,
Enclosure,
Epaulet,
Equestrian,
Escalator,
Eskimo,
Espresso,
Exterminator,
Extractor,
Eyepiece,
Fanatic,
Fennel,
Fertilizer,
Flapjack,
Flashlight,
Flatware,
Fluid,
Footbridge,
Forehead,
Foxtrot,
Frigate,
Frosting,
Fungus,
Fuselage,
Gadget,
Gallows,
Gasoline,
Gearbox,
Gelatin,
Gemstone,
Generator,
Ghoul,
Glider,
Globule,
Glue,
Gong,
Granola,
Grapevine,
Graphite,
Gravy,
Gremlin,
Grillwork,
Grocer,
Guacamole,
Guardrail,
Guffaw,
Gumdrop,
Gurney,
Gyroscope,
Habanero,
Hairpin,
Halibut,
Hammerhead,
Handbag,
Harpoon,
Haystack,
Headlight,
Hemisphere,
Henhouse,
Herbicide,
Hexagon,
Hieroglyph,
Highball,
Hillside,
Hinterland,
Hockey,
Holler,
Horsehair,
Hotdog,
Hue,
Hullabaloo,
Hutch,
Hydrant,
Hymn,
Ibuprofen,
Idol,
Illustrator,
Imprint,
Incense,
Incisor,
Index,
Ingot,
Inlay,
Instrument,
Irony,
Jade,
Jargon,
Jitterbug,
Jogging,
Joker,
Jubilee,
Jumpstart,
Jungle,
Juniper,
Junkyard,
Kabob,
Karaoke,
Kayak,
Kebab,
Keypad,
Keyhole,
Kickstand,
Kielbasa,
Kilogram,
Kinfolk,
Klaxon,
Klutz,
Kneecap,
Knickers,
Knob,
Knuckle,
Kraken,
Labcoat,
Lacquer,
Ladle,
Ladybug,
Lager,
Lambkin,
Lanyard,
Lapwing,
Laser,
Lasso,
Latte,
Lava,
Lawnmower,
Lemonade,
Leprechaun,
Level,
Lichen,
Limbo,
Limpet,
Lingo,
Lioness,
Lithograph,
Locust,
Lozenge,
Lubricant,
Lumber,
Luminance,
Lunchbox,
Macaroon,
Mackerel,
Magnesium,
Mahogany,
Maize,
Mandolin,
Manganese,
Marathon,
Marmalade,
Marsupial,
Mash,
Mastodon,
Matinee,
Maverick,
Mayhem,
Meander,
Medley,
Menagerie,
Meridian,
Metal,
Meteor,
Migraine,
Mikado,
Milkshake,
Minaret,
Minnow,
Mint,
Mitten,
Mogul,
Mojito,
Monastery,
Montage,
Moonbeam,
Mozzarella,
Muffin,
Mulch,
Mullet,
Mumble,
Munchkin,
Mustard,
Muzzle,
Myriad,
Naiad,
Naphtha,
Needle,
Negligee,
Nemeses,
Neophyte,
Nestle,
Niblet,
Nickel,
Niece,
Nostril,
Notch,
Nougat,
Novella,
Nudge,
Nuisance,
Nuptials,
Nursery,
Nutmeg,
Nutshell,
Nuzzle,
Nylon,
Nymph,
Oatmeal,
Obsidian,
Octagon,
Offspring,
Oilcan,
Omelet,
Omnivore,
Orangutan,
Oregano,
Orifice,
Origami,
Oxymoron,
Oyster,
Ozone,
Belt,
Pant,
Skirt,
Dress,
Coat,
Scarf,
Bottle,
Bill,
Purse,
Ring,
Earring,
Atlas,
Headphone,
Speaker,
Organ,
Trumpet,
Tambourine,
Truck,
Van,
Plane,
Submarine,
Balloon,
Frisbee,
Racket,
Skateboard,
Surfboard,
Snowboard,
Ski,
Snowshoe,
Tent,
Sleeping bag,
Suitcase,
Lion,
Quarter,
Yogurt,
Donut,
Hammock,
Joke,
Puzzle,
Vegetable,
Wolf,
Yard,
Zoo,
Cloud,
Nests,
Pancake,
Question,
Teaspoon,
Yawn,
Accident,
Finger,
Ladder,
Ornament,
Quiz,
Tunnel,
University,
Garage,
Helmet,
Invoice,
NecktieT-shirt,
Uniform,
Vehicle,
Walrus,
Yodeler,
Zoologist,
Desert,
Highway,
Kilometer,
Lake,
Nautical mile,
Parade,
Swamp,
Waterfall,
Canary,
Nutrient,
Snowflake,
Tadpole,
Velociraptor,
Gardens,
Notepad,
Appointment,
Jaguar,
Puppy,
Quokka,
Xenop,
Crocodile,
Ibis,
Mole,
Numbat,
Quail,
Viper,
X-ray Tetra,
Yabbie,
Chinchilla,
Dodo,
Echidna,
Kakapo,
Quetzal,
Rat,
Chameleon,
Eft,
Fennec,
Gerbil,
Hoverfly,
Ibex,
Jacamar,
Lemming,
Mandrill,
Nalolok,
Oystercatcher,
Pangolin,
Ruffed Grouse,
Serval,
Tenrec,
Viscacha,
Xiphias,
Yellowjacket,
Zorille,
Dugong,
Finch,
Gaur,
Jackrabbit,
Katydid,
Nudibranch,
Skink,
Tardigrade,
Vireo,
Wallaroo,
Chipmunk,
Humpback,
Kudu,
Mosquito,
Nematode,
Pufferfish,
Quagga,
Raven,
Ugui,
Booby,
Dhole,
Earwig,
Galago,
Herring,
Ichneumon,
Kestrel,
Marmoset,
Pumas,
Railbird,
Whitefish,
Anchovy,
Hare,
Kingfisher,
Magpie,
Redfish,
Sardine,
Xiphosuran,
Guenon,
Kinkajou,
Warbler,
Albacore,
Cowfish,
Armchair,
Footstool,
piano,
Headboard,
Nightstand,
Ottoman,
Rocking chair,
Sideboard,
Table,
Vanity,
Coffee table,
Dresser,
Recliner,
Bench,
Daybed,
Filing cabinet,
Grandfather clock,
Loveseat,
Shelving unit,
Toy chest,
Wine rack,
Bedroom set,
Ironing board,
Utility cart,
Wardrobe closet,
Pantry,
Credenza,
Divan,
Mug,
Rug,
Painting,
Sunglasses,
Yo-yo,
Ziploc bag,
Diary,
Flip-flop,
iPod,
Lipstick,
Match,
Rattle,
Stamp,
Teapot,
Zipper pull,
Handkerchief,
Ribbon,
Tablecloth,
Wig,
Yam,
Almond,
Dice,
Goggle,
Jar,
Keychain,
Tissue,
Zip tie,
CDs,
Rock,
USB drive,
Anklet,
Chapstick,
DVD,
Folder,
Jellybean,
Keyboard,
Lip balm,
Maraca,
Shoelace,
Washcloth,
Button,
Dime,
Figurine,
Teabag,
Agreement,
Negotiation,
Debate,
Conflict,
Misunderstanding,
Controversy,
Discrepancy,
Inconsistency,
Comparison,
Similarity,
Inequality,
Disproportion,
Imbalance,
Variance,
Transformation,
Adjustment,
Modification,
Revision,
Edit,
Alteration,
Variation,
Shift,
Transition,
Progression,
Advancement,
Improvement,
Innovation,
Revolution,
Upheaval,
Overthrow,
Rebellion,
Protest,
Demonstration,
Movement,
Activity,
Action,
Operation,
Intervention,
Initiative,
Program,
Project,
Pursuit,
Ventur,
Startup,
Firm,
Organization,
Institution,
Agency,
Bureau,
Section,
Committee,
Panel,
Jury,
Assembly,
Congregation,
Community,
Society,
Association,
Federation,
Alliance,
Syndicate,
Fraternity,
Sorority,
Club,
Order,
Squad,
Crew,
Troop,
Regiment,
Squadron,
Corp,
Army,
Navy,
Air force,
Military,
Officer,
Lieutenant,
Sergeant,
Private,
Sailor,
Airman,
Pilot,
Marine,
Infantry,
Artillery,
Medic,
Rescuer,
Creature,
Beast,
Zombie,
Werewolf,
Witch,
Wizard,
Elf,
Dwarve,
Goblin,
Troll,
Mermaid,
Griffin,
Centaur,
Minotaur,
Sphinx,
Satyr,
Deitie,
Mythology,
Folktale,
Fairy tale,
Fable,
Storie,
Narrative,
Saga,
Verse,
Stanza,
Rhyme,
Short story,
Non-fiction,
Biography,
Autobiography,
Historie,
Annal,
Letter,
Message,
Email,
Text,
Manuscript,
Script,
Screenplay,
Monologue,
Soliloquy,
Speech,
Lecture,
Talk,
Band,
Orchestra,
Platoon,
